{
  "description": "DAEM VQE - 4-qubit transverse Ising chain",
  "n_qubits": 4,
  "n_layers": 3,
  "J": 1.0,
  "g_values": [
    0.4,
    0.5066666666666667,
    0.6133333333333334,
    0.72,
    0.8266666666666667,
    0.9333333333333333,
    1.04,
    1.1466666666666667,
    1.2533333333333334,
    1.36,
    1.4666666666666668,
    1.5733333333333333,
    1.6800000000000002,
    1.7866666666666666,
    1.8933333333333335,
    2.0
  ],
  "shots_per_obs": 4096,
  "n_product_states_per_g": 100,
  "n_observables": 45,
  "X_train_shape": [
    1600,
    45
  ],
  "Y_train_shape": [
    1600,
    45
  ],
  "noise_model_basis_gates": [
    "cx",
    "delay",
    "id",
    "measure",
    "reset",
    "u3"
  ],
  "global_MAE": 0.020250416415001613,
  "global_RMSE": 0.026578610960732846,
  "noise_stats_per_g": {
    "g_0.400": {
      "noisy_energy": 0.1921875,
      "ideal_energy": 0.3005859375,
      "energy_error": 0.1083984375,
      "fiducial_MAE": 0.020162563583380037,
      "fiducial_RMSE": 0.02647812634404716
    },
    "g_0.507": {
      "noisy_energy": -0.031210937499999997,
      "ideal_energy": -0.13430989583333336,
      "energy_error": 0.10309895833333337,
      "fiducial_MAE": 0.020559378642293482,
      "fiducial_RMSE": 0.027083067815177955
    },
    "g_0.613": {
      "noisy_energy": -0.36875,
      "ideal_energy": -0.275390625,
      "energy_error": 0.09335937500000002,
      "fiducial_MAE": 0.02002660758281093,
      "fiducial_RMSE": 0.02639525719477799
    },
    "g_0.720": {
      "noisy_energy": -0.31609375,
      "ideal_energy": -0.367734375,
      "energy_error": 0.051640624999999996,
      "fiducial_MAE": 0.020156054566485483,
      "fiducial_RMSE": 0.026354242206463107
    },
    "g_0.827": {
      "noisy_energy": 1.0847265625,
      "ideal_energy": 1.042890625,
      "energy_error": 0.04183593749999992,
      "fiducial_MAE": 0.01963652946215942,
      "fiducial_RMSE": 0.025823825993127665
    },
    "g_0.933": {
      "noisy_energy": 0.15683593750000002,
      "ideal_energy": 0.3663411458333333,
      "energy_error": 0.2095052083333333,
      "fiducial_MAE": 0.020453485355320235,
      "fiducial_RMSE": 0.026803077402260494
    },
    "g_1.040": {
      "noisy_energy": -0.08796874999999996,
      "ideal_energy": -0.14703125,
      "energy_error": 0.059062500000000046,
      "fiducial_MAE": 0.02052223360985273,
      "fiducial_RMSE": 0.02696118366719694
    },
    "g_1.147": {
      "noisy_energy": -0.34186197916666666,
      "ideal_energy": -0.4605989583333333,
      "energy_error": 0.11873697916666665,
      "fiducial_MAE": 0.020470719089371134,
      "fiducial_RMSE": 0.02671813392188561
    },
    "g_1.253": {
      "noisy_energy": 0.8164713541666667,
      "ideal_energy": 0.9546744791666667,
      "energy_error": 0.13820312499999998,
      "fiducial_MAE": 0.020314511582903913,
      "fiducial_RMSE": 0.026680049358638432
    },
    "g_1.360": {
      "noisy_energy": 0.08640624999999999,
      "ideal_energy": 0.18339843749999998,
      "energy_error": 0.0969921875,
      "fiducial_MAE": 0.02053425027895918,
      "fiducial_RMSE": 0.027098879364553546
    },
    "g_1.467": {
      "noisy_energy": 0.028450520833333333,
      "ideal_energy": 0.1482421875,
      "energy_error": 0.11979166666666669,
      "fiducial_MAE": 0.020198873979389863,
      "fiducial_RMSE": 0.026432997762320616
    },
    "g_1.573": {
      "noisy_energy": 2.0504036458333332,
      "ideal_energy": 2.0588932291666664,
      "energy_error": 0.008489583333333162,
      "fiducial_MAE": 0.020421686922515135,
      "fiducial_RMSE": 0.026771034145615595
    },
    "g_1.680": {
      "noisy_energy": 0.04859375000000002,
      "ideal_energy": 0.18062500000000004,
      "energy_error": 0.13203125000000002,
      "fiducial_MAE": 0.020101283557402205,
      "fiducial_RMSE": 0.026377316013105074
    },
    "g_1.787": {
      "noisy_energy": -0.24157552083333333,
      "ideal_energy": -0.175625,
      "energy_error": 0.06595052083333333,
      "fiducial_MAE": 0.020476888298880554,
      "fiducial_RMSE": 0.02653618248060972
    },
    "g_1.893": {
      "noisy_energy": 0.3867057291666667,
      "ideal_energy": 0.6308984375000001,
      "energy_error": 0.2441927083333334,
      "fiducial_MAE": 0.019962348313556103,
      "fiducial_RMSE": 0.026249000755619225
    },
    "g_2.000": {
      "noisy_energy": -0.1142578125,
      "ideal_energy": -0.0458984375,
      "energy_error": 0.068359375,
      "fiducial_MAE": 0.020009247814745366,
      "fiducial_RMSE": 0.02646459404476127
    }
  },
  "vqe_energy_per_g": [
    {
      "g": 0.4,
      "noisy_E": 0.1921875,
      "ideal_E": 0.3005859375
    },
    {
      "g": 0.5066666666666667,
      "noisy_E": -0.031210937499999997,
      "ideal_E": -0.13430989583333336
    },
    {
      "g": 0.6133333333333334,
      "noisy_E": -0.36875,
      "ideal_E": -0.275390625
    },
    {
      "g": 0.72,
      "noisy_E": -0.31609375,
      "ideal_E": -0.367734375
    },
    {
      "g": 0.8266666666666667,
      "noisy_E": 1.0847265625,
      "ideal_E": 1.042890625
    },
    {
      "g": 0.9333333333333333,
      "noisy_E": 0.15683593750000002,
      "ideal_E": 0.3663411458333333
    },
    {
      "g": 1.04,
      "noisy_E": -0.08796874999999996,
      "ideal_E": -0.14703125
    },
    {
      "g": 1.1466666666666667,
      "noisy_E": -0.34186197916666666,
      "ideal_E": -0.4605989583333333
    },
    {
      "g": 1.2533333333333334,
      "noisy_E": 0.8164713541666667,
      "ideal_E": 0.9546744791666667
    },
    {
      "g": 1.36,
      "noisy_E": 0.08640624999999999,
      "ideal_E": 0.18339843749999998
    },
    {
      "g": 1.4666666666666668,
      "noisy_E": 0.028450520833333333,
      "ideal_E": 0.1482421875
    },
    {
      "g": 1.5733333333333333,
      "noisy_E": 2.0504036458333332,
      "ideal_E": 2.0588932291666664
    },
    {
      "g": 1.6800000000000002,
      "noisy_E": 0.04859375000000002,
      "ideal_E": 0.18062500000000004
    },
    {
      "g": 1.7866666666666666,
      "noisy_E": -0.24157552083333333,
      "ideal_E": -0.175625
    },
    {
      "g": 1.8933333333333335,
      "noisy_E": 0.3867057291666667,
      "ideal_E": 0.6308984375000001
    },
    {
      "g": 2.0,
      "noisy_E": -0.1142578125,
      "ideal_E": -0.0458984375
    }
  ],
  "elapsed_seconds": 1382.8,
  "mlp_sanity_check": {
    "val_R2": 0.9619,
    "val_MAE_scaled": 0.1398,
    "val_MAE_real": 0.0368,
    "n_iters": 168,
    "architecture": "256-256-128-ReLU"
  },
  "final_model": {
    "n_iters": 223,
    "best_loss": 0.002946431537682045,
    "architecture": "256-256-128-ReLU"
  }
}